Username;First name;Last name;email
gigio03;enea;avdullai;enea.avdullai@icloud.com
ronaldo;ian;rossi;rossi.giovanni@gmail.com
mariozio;luca;verdi;luca.verdi@gmail.com
gigio03;enea;avdullai;enea.avdullai@icloud.com
effe;andreaavd;verdi;andreverdi@gmail.com
gigio02;enea;avdullai;enea.avdullai@icloud.com
user01;luca;glessi;glessi.luca@gmail.com
user02;marco;martic;martic.marco@icloud.com
user4;marco;nicolay;nicolay@gmail.com
user005;michele;danei;micky.danei@gmail.com